DROP TABLE IF EXISTS `candidates`;

CREATE TABLE
    `candidates` (
        `id` int NOT NULL AUTO_INCREMENT,
        `full_name` varchar(255) DEFAULT NULL,
        `description` varchar(255) DEFAULT NULL,
        PRIMARY KEY (`id`)
    ) ENGINE = InnoDB AUTO_INCREMENT = 7 DEFAULT CHARSET = utf8mb4 COLLATE = utf8mb4_0900_ai_ci;


INSERT INTO `candidates`
VALUES (1, 'Gabriel Boric Font ', NULL), (
        2,
        'Jose Antonio Kast Rist',
        NULL
    ), (
        3,
        'Sebastian Sichel Ramirez',
        NULL
    ), (
        4,
        'Eduardo Artes Brichetti',
        NULL
    ), (
        5,
        'Marco Enriquez-ominami Gumucio',
        NULL
    ), (
        6,
        'Franco Aldo Parisi Fernandez',
        NULL
    );


DROP TABLE IF EXISTS `communes`;

CREATE TABLE
    `communes` (
        `id_commune` int NOT NULL AUTO_INCREMENT,
        `name_commune` varchar(255) CHARACTER SET utf8mb4 COLLATE utf8mb4_unicode_ci NOT NULL,
        `id_region` int NOT NULL,
        `creation_date` timestamp NOT NULL DEFAULT CURRENT_TIMESTAMP,
        `last_date` timestamp NOT NULL DEFAULT CURRENT_TIMESTAMP ON UPDATE CURRENT_TIMESTAMP,
        PRIMARY KEY (`id_commune`)
    ) ENGINE = InnoDB AUTO_INCREMENT = 346 DEFAULT CHARSET = utf8mb4 COLLATE = utf8mb4_unicode_ci;


INSERT INTO `communes`
VALUES (
        1,
        'Arica',
        1,
        '2023-08-02 20:37:42',
        '2023-08-02 20:37:42'
    ), (
        2,
        'Camarones',
        1,
        '2023-08-02 20:37:42',
        '2023-08-02 20:37:42'
    ), (
        3,
        'General Lagos',
        1,
        '2023-08-02 20:37:42',
        '2023-08-02 20:37:42'
    ), (
        4,
        'Putre',
        1,
        '2023-08-02 20:37:42',
        '2023-08-02 20:37:42'
    ), (
        5,
        'Iquique',
        2,
        '2023-08-02 20:37:42',
        '2023-08-02 20:37:42'
    ), (
        6,
        'Alto Hospicio',
        2,
        '2023-08-02 20:37:42',
        '2023-08-02 20:37:42'
    ), (
        7,
        'pozo Almonte',
        2,
        '2023-08-02 20:37:42',
        '2023-08-02 20:37:42'
    ), (
        8,
        'Camiña',
        2,
        '2023-08-02 20:37:42',
        '2023-08-02 20:37:42'
    ), (
        9,
        'Colchane',
        2,
        '2023-08-02 20:37:42',
        '2023-08-02 20:37:42'
    ), (
        10,
        'Huara',
        2,
        '2023-08-02 20:37:42',
        '2023-08-02 20:37:42'
    ), (
        11,
        'Pica',
        2,
        '2023-08-02 20:37:42',
        '2023-08-02 20:37:42'
    ), (
        12,
        'Antofagasta',
        3,
        '2023-08-02 20:37:42',
        '2023-08-02 20:37:42'
    ), (
        13,
        'Mejillones',
        3,
        '2023-08-02 20:37:42',
        '2023-08-02 20:37:42'
    ), (
        14,
        'Sierra Gorda',
        3,
        '2023-08-02 20:37:42',
        '2023-08-02 20:37:42'
    ), (
        15,
        'Taltal',
        3,
        '2023-08-02 20:37:42',
        '2023-08-02 20:37:42'
    ), (
        16,
        'Tocopilla',
        3,
        '2023-08-02 20:37:42',
        '2023-08-02 20:37:42'
    ), (
        17,
        'Marí­a Elena',
        3,
        '2023-08-02 20:37:42',
        '2023-08-02 20:37:42'
    ), (
        18,
        'Calama',
        3,
        '2023-08-02 20:37:42',
        '2023-08-02 20:37:42'
    ), (
        19,
        'Ollagüe',
        3,
        '2023-08-02 20:37:42',
        '2023-08-02 20:37:42'
    ), (
        20,
        'San Pedro de Atacama',
        3,
        '2023-08-02 20:37:42',
        '2023-08-02 20:37:42'
    ), (
        21,
        'Copiapó',
        4,
        '2023-08-02 20:37:42',
        '2023-08-02 20:37:42'
    ), (
        22,
        'Caldera',
        4,
        '2023-08-02 20:37:42',
        '2023-08-02 20:37:42'
    ), (
        23,
        'Tierra Amarilla',
        4,
        '2023-08-02 20:37:42',
        '2023-08-02 20:37:42'
    ), (
        24,
        'Vallenar',
        4,
        '2023-08-02 20:37:42',
        '2023-08-02 20:37:42'
    ), (
        25,
        'Alto del Carmen',
        4,
        '2023-08-02 20:37:42',
        '2023-08-02 20:37:42'
    ), (
        26,
        'Freirina',
        4,
        '2023-08-02 20:37:42',
        '2023-08-02 20:37:42'
    ), (
        27,
        'Huasco',
        4,
        '2023-08-02 20:37:42',
        '2023-08-02 20:37:42'
    ), (
        28,
        'Chañaral',
        4,
        '2023-08-02 20:37:42',
        '2023-08-02 20:37:42'
    ), (
        29,
        'Diego de Almagro',
        4,
        '2023-08-02 20:37:42',
        '2023-08-02 20:37:42'
    ), (
        30,
        'Illapel',
        5,
        '2023-08-02 20:37:42',
        '2023-08-02 20:37:42'
    ), (
        31,
        'Canela',
        5,
        '2023-08-02 20:37:42',
        '2023-08-02 20:37:42'
    ), (
        32,
        'Los Vilos',
        5,
        '2023-08-02 20:37:42',
        '2023-08-02 20:37:42'
    ), (
        33,
        'Salamanca',
        5,
        '2023-08-02 20:37:42',
        '2023-08-02 20:37:42'
    ), (
        34,
        'La Serena',
        5,
        '2023-08-02 20:37:42',
        '2023-08-02 20:37:42'
    ), (
        35,
        'Coquimbo',
        5,
        '2023-08-02 20:37:42',
        '2023-08-02 20:37:42'
    ), (
        36,
        'Andacollo',
        5,
        '2023-08-02 20:37:42',
        '2023-08-02 20:37:42'
    ), (
        37,
        'La Higuera',
        5,
        '2023-08-02 20:37:42',
        '2023-08-02 20:37:42'
    ), (
        38,
        'Paihuano',
        5,
        '2023-08-02 20:37:42',
        '2023-08-02 20:37:42'
    ), (
        39,
        'Vicuña',
        5,
        '2023-08-02 20:37:42',
        '2023-08-02 20:37:42'
    ), (
        40,
        'Ovalle',
        5,
        '2023-08-02 20:37:42',
        '2023-08-02 20:37:42'
    ), (
        41,
        'Combarbalá',
        5,
        '2023-08-02 20:37:42',
        '2023-08-02 20:37:42'
    ), (
        42,
        'Monte Patria',
        5,
        '2023-08-02 20:37:42',
        '2023-08-02 20:37:42'
    ), (
        43,
        'Punitaqui',
        5,
        '2023-08-02 20:37:42',
        '2023-08-02 20:37:42'
    ), (
        44,
        'Rí­o Hurtado',
        5,
        '2023-08-02 20:37:42',
        '2023-08-02 20:37:42'
    ), (
        45,
        'Isla de Pascua',
        6,
        '2023-08-02 20:37:42',
        '2023-08-02 20:37:42'
    ), (
        46,
        'Los Andes',
        6,
        '2023-08-02 20:37:42',
        '2023-08-02 20:37:42'
    ), (
        47,
        'Calle Larga',
        6,
        '2023-08-02 20:37:42',
        '2023-08-02 20:37:42'
    ), (
        48,
        'Rinconada',
        6,
        '2023-08-02 20:37:42',
        '2023-08-02 20:37:42'
    ), (
        49,
        'San Esteban',
        6,
        '2023-08-02 20:37:42',
        '2023-08-02 20:37:42'
    ), (
        50,
        'Quillota',
        6,
        '2023-08-02 20:37:42',
        '2023-08-02 20:37:42'
    ), (
        51,
        'La Calera',
        6,
        '2023-08-02 20:37:42',
        '2023-08-02 20:37:42'
    ), (
        52,
        'Hijuelas',
        6,
        '2023-08-02 20:37:42',
        '2023-08-02 20:37:42'
    ), (
        53,
        'La Cruz',
        6,
        '2023-08-02 20:37:42',
        '2023-08-02 20:37:42'
    ), (
        54,
        'Nogales',
        6,
        '2023-08-02 20:37:42',
        '2023-08-02 20:37:42'
    ), (
        55,
        'Valparaiso',
        6,
        '2023-08-02 20:37:42',
        '2023-08-02 20:37:42'
    ), (
        56,
        'Casablanca',
        6,
        '2023-08-02 20:37:42',
        '2023-08-02 20:37:42'
    ), (
        57,
        'Concón',
        6,
        '2023-08-02 20:37:42',
        '2023-08-02 20:37:42'
    ), (
        58,
        'Juan Fernández',
        6,
        '2023-08-02 20:37:42',
        '2023-08-02 20:37:42'
    ), (
        59,
        'Puchuncaví­',
        6,
        '2023-08-02 20:37:42',
        '2023-08-02 20:37:42'
    ), (
        60,
        'Quintero',
        6,
        '2023-08-02 20:37:42',
        '2023-08-02 20:37:42'
    ), (
        61,
        'Viña del Mar',
        6,
        '2023-08-02 20:37:42',
        '2023-08-02 20:37:42'
    ), (
        62,
        'La Ligua',
        6,
        '2023-08-02 20:37:42',
        '2023-08-02 20:37:42'
    ), (
        63,
        'Cabildo',
        6,
        '2023-08-02 20:37:42',
        '2023-08-02 20:37:42'
    ), (
        64,
        'Papudo',
        6,
        '2023-08-02 20:37:42',
        '2023-08-02 20:37:42'
    ), (
        65,
        'Petorca',
        6,
        '2023-08-02 20:37:42',
        '2023-08-02 20:37:42'
    ), (
        66,
        'Zapallar',
        6,
        '2023-08-02 20:37:42',
        '2023-08-02 20:37:42'
    ), (
        67,
        'San Antonio',
        6,
        '2023-08-02 20:37:42',
        '2023-08-02 20:37:42'
    ), (
        68,
        'Algarrobo',
        6,
        '2023-08-02 20:37:42',
        '2023-08-02 20:37:42'
    ), (
        69,
        'Cartagena',
        6,
        '2023-08-02 20:37:42',
        '2023-08-02 20:37:42'
    ), (
        70,
        'El Quisco',
        6,
        '2023-08-02 20:37:42',
        '2023-08-02 20:37:42'
    ), (
        71,
        'El Tabo',
        6,
        '2023-08-02 20:37:42',
        '2023-08-02 20:37:42'
    ), (
        72,
        'Santo Domingo',
        6,
        '2023-08-02 20:37:42',
        '2023-08-02 20:37:42'
    ), (
        73,
        'San Felipe',
        6,
        '2023-08-02 20:37:42',
        '2023-08-02 20:37:42'
    ), (
        74,
        'Catemu',
        6,
        '2023-08-02 20:37:42',
        '2023-08-02 20:37:42'
    ), (
        75,
        'Llaillay',
        6,
        '2023-08-02 20:37:42',
        '2023-08-02 20:37:42'
    ), (
        76,
        'Panquehue',
        6,
        '2023-08-02 20:37:42',
        '2023-08-02 20:37:42'
    ), (
        77,
        'Putaendo',
        6,
        '2023-08-02 20:37:42',
        '2023-08-02 20:37:42'
    ), (
        78,
        'Santa María',
        6,
        '2023-08-02 20:37:42',
        '2023-08-02 20:37:42'
    ), (
        79,
        'Quilpué',
        6,
        '2023-08-02 20:37:42',
        '2023-08-02 20:37:42'
    ), (
        80,
        'Limache',
        6,
        '2023-08-02 20:37:42',
        '2023-08-02 20:37:42'
    ), (
        81,
        'Olmué',
        6,
        '2023-08-02 20:37:42',
        '2023-08-02 20:37:42'
    ), (
        82,
        'Villa Alemana',
        6,
        '2023-08-02 20:37:42',
        '2023-08-02 20:37:42'
    ), (
        83,
        'Talagante',
        7,
        '2023-08-02 20:37:42',
        '2023-08-02 20:37:42'
    ), (
        84,
        'El Monte',
        7,
        '2023-08-02 20:37:42',
        '2023-08-02 20:37:42'
    ), (
        85,
        'Isla de Maipo',
        7,
        '2023-08-02 20:37:42',
        '2023-08-02 20:37:42'
    ), (
        86,
        'Padre Hurtado',
        7,
        '2023-08-02 20:37:42',
        '2023-08-02 20:37:42'
    ), (
        87,
        'Peñaflor',
        7,
        '2023-08-02 20:37:42',
        '2023-08-02 20:37:42'
    ), (
        88,
        'La Pintana',
        7,
        '2023-08-02 20:37:42',
        '2023-08-02 20:37:42'
    ), (
        89,
        'La Reina',
        7,
        '2023-08-02 20:37:42',
        '2023-08-02 20:37:42'
    ), (
        90,
        'Las Condes',
        7,
        '2023-08-02 20:37:42',
        '2023-08-02 20:37:42'
    ), (
        91,
        'Lo Barnechea',
        7,
        '2023-08-02 20:37:42',
        '2023-08-02 20:37:42'
    ), (
        92,
        'Lo Espejo',
        7,
        '2023-08-02 20:37:42',
        '2023-08-02 20:37:42'
    ), (
        93,
        'Lo Prado',
        7,
        '2023-08-02 20:37:42',
        '2023-08-02 20:37:42'
    ), (
        94,
        'Macul',
        7,
        '2023-08-02 20:37:42',
        '2023-08-02 20:37:42'
    ), (
        95,
        'Maipú',
        7,
        '2023-08-02 20:37:42',
        '2023-08-02 20:37:42'
    ), (
        96,
        'Ñuñoa',
        7,
        '2023-08-02 20:37:42',
        '2023-08-02 20:37:42'
    ), (
        97,
        'Pedro Aguirre Cerda',
        7,
        '2023-08-02 20:37:42',
        '2023-08-02 20:37:42'
    ), (
        98,
        'Peñalolen',
        7,
        '2023-08-02 20:37:42',
        '2023-08-02 20:37:42'
    ), (
        99,
        'Providencia',
        7,
        '2023-08-02 20:37:42',
        '2023-08-02 20:37:42'
    ), (
        100,
        'Pudahuel',
        7,
        '2023-08-02 20:37:42',
        '2023-08-02 20:37:42'
    ), (
        101,
        'Quilicura',
        7,
        '2023-08-02 20:37:42',
        '2023-08-02 20:37:42'
    ), (
        102,
        'Quinta Normal',
        7,
        '2023-08-02 20:37:42',
        '2023-08-02 20:37:42'
    ), (
        103,
        'Recoleta',
        7,
        '2023-08-02 20:37:42',
        '2023-08-02 20:37:42'
    ), (
        104,
        'Renca',
        7,
        '2023-08-02 20:37:42',
        '2023-08-02 20:37:42'
    ), (
        105,
        'San Joaquí­n',
        7,
        '2023-08-02 20:37:42',
        '2023-08-02 20:37:42'
    ), (
        106,
        'San Miguel',
        7,
        '2023-08-02 20:37:42',
        '2023-08-02 20:37:42'
    ), (
        107,
        'San Ramón',
        7,
        '2023-08-02 20:37:42',
        '2023-08-02 20:37:42'
    ), (
        108,
        'Vitacura',
        7,
        '2023-08-02 20:37:42',
        '2023-08-02 20:37:42'
    ), (
        109,
        'Santiago',
        7,
        '2023-08-02 20:37:42',
        '2023-08-02 20:37:42'
    ), (
        110,
        'Cerrillos',
        7,
        '2023-08-02 20:37:42',
        '2023-08-02 20:37:42'
    ), (
        111,
        'Cerro Navia',
        7,
        '2023-08-02 20:37:42',
        '2023-08-02 20:37:42'
    ), (
        112,
        'Conchalí­',
        7,
        '2023-08-02 20:37:42',
        '2023-08-02 20:37:42'
    ), (
        113,
        'El Bosque',
        7,
        '2023-08-02 20:37:42',
        '2023-08-02 20:37:42'
    ), (
        114,
        'Estación Central',
        7,
        '2023-08-02 20:37:42',
        '2023-08-02 20:37:42'
    ), (
        115,
        'Huechuraba',
        7,
        '2023-08-02 20:37:42',
        '2023-08-02 20:37:42'
    ), (
        116,
        'Independencia',
        7,
        '2023-08-02 20:37:42',
        '2023-08-02 20:37:42'
    ), (
        117,
        'La Cisterna',
        7,
        '2023-08-02 20:37:42',
        '2023-08-02 20:37:42'
    ), (
        118,
        'La Florida',
        7,
        '2023-08-02 20:37:42',
        '2023-08-02 20:37:42'
    ), (
        119,
        'La Granja',
        7,
        '2023-08-02 20:37:42',
        '2023-08-02 20:37:42'
    ), (
        120,
        'Colina',
        7,
        '2023-08-02 20:37:42',
        '2023-08-02 20:37:42'
    ), (
        121,
        'Lampa',
        7,
        '2023-08-02 20:37:42',
        '2023-08-02 20:37:42'
    ), (
        122,
        'Tiltil',
        7,
        '2023-08-02 20:37:42',
        '2023-08-02 20:37:42'
    ), (
        123,
        'Puente Alto',
        7,
        '2023-08-02 20:37:42',
        '2023-08-02 20:37:42'
    ), (
        124,
        'Pirque',
        7,
        '2023-08-02 20:37:42',
        '2023-08-02 20:37:42'
    ), (
        125,
        'San José de Maipo',
        7,
        '2023-08-02 20:37:42',
        '2023-08-02 20:37:42'
    ), (
        126,
        'San Bernardo',
        7,
        '2023-08-02 20:37:42',
        '2023-08-02 20:37:42'
    ), (
        127,
        'Buin',
        7,
        '2023-08-02 20:37:42',
        '2023-08-02 20:37:42'
    ), (
        128,
        'Calera de Tango',
        7,
        '2023-08-02 20:37:42',
        '2023-08-02 20:37:42'
    ), (
        129,
        'Paine',
        7,
        '2023-08-02 20:37:42',
        '2023-08-02 20:37:42'
    ), (
        130,
        'Melipilla',
        7,
        '2023-08-02 20:37:42',
        '2023-08-02 20:37:42'
    ), (
        131,
        'Alhué',
        7,
        '2023-08-02 20:37:42',
        '2023-08-02 20:37:42'
    ), (
        132,
        'Curacaví­',
        7,
        '2023-08-02 20:37:42',
        '2023-08-02 20:37:42'
    ), (
        133,
        'Marí­a Pinto',
        7,
        '2023-08-02 20:37:42',
        '2023-08-02 20:37:42'
    ), (
        134,
        'San Pedro',
        7,
        '2023-08-02 20:37:42',
        '2023-08-02 20:37:42'
    ), (
        135,
        'Rancagua',
        8,
        '2023-08-02 20:37:42',
        '2023-08-02 20:37:42'
    ), (
        136,
        'Codegua',
        8,
        '2023-08-02 20:37:42',
        '2023-08-02 20:37:42'
    ), (
        137,
        'Coinco',
        8,
        '2023-08-02 20:37:42',
        '2023-08-02 20:37:42'
    ), (
        138,
        'Coltauco',
        8,
        '2023-08-02 20:37:42',
        '2023-08-02 20:37:42'
    ), (
        139,
        'Doñigue',
        8,
        '2023-08-02 20:37:42',
        '2023-08-02 20:37:42'
    ), (
        140,
        'Graneros',
        8,
        '2023-08-02 20:37:42',
        '2023-08-02 20:37:42'
    ), (
        141,
        'Las Cabras',
        8,
        '2023-08-02 20:37:42',
        '2023-08-02 20:37:42'
    ), (
        142,
        'Machalí­',
        8,
        '2023-08-02 20:37:42',
        '2023-08-02 20:37:42'
    ), (
        143,
        'Malloa',
        8,
        '2023-08-02 20:37:42',
        '2023-08-02 20:37:42'
    ), (
        144,
        'Mostazal',
        8,
        '2023-08-02 20:37:42',
        '2023-08-02 20:37:42'
    ), (
        145,
        'Olivar',
        8,
        '2023-08-02 20:37:42',
        '2023-08-02 20:37:42'
    ), (
        146,
        'Peumo',
        8,
        '2023-08-02 20:37:42',
        '2023-08-02 20:37:42'
    ), (
        147,
        'Pichidegua',
        8,
        '2023-08-02 20:37:42',
        '2023-08-02 20:37:42'
    ), (
        148,
        'Quinta de Tilcoco',
        8,
        '2023-08-02 20:37:42',
        '2023-08-02 20:37:42'
    ), (
        149,
        'Rengo',
        8,
        '2023-08-02 20:37:42',
        '2023-08-02 20:37:42'
    ), (
        150,
        'Requínoa',
        8,
        '2023-08-02 20:37:42',
        '2023-08-02 20:37:42'
    ), (
        151,
        'San Vicente',
        8,
        '2023-08-02 20:37:42',
        '2023-08-02 20:37:42'
    ), (
        152,
        'Navidad',
        8,
        '2023-08-02 20:37:42',
        '2023-08-02 20:37:42'
    ), (
        153,
        'Paredones',
        8,
        '2023-08-02 20:37:42',
        '2023-08-02 20:37:42'
    ), (
        154,
        'Pichilemu',
        8,
        '2023-08-02 20:37:42',
        '2023-08-02 20:37:42'
    ), (
        155,
        'La Estrella',
        8,
        '2023-08-02 20:37:42',
        '2023-08-02 20:37:42'
    ), (
        156,
        'Litueche',
        8,
        '2023-08-02 20:37:42',
        '2023-08-02 20:37:42'
    ), (
        157,
        'Marchihue',
        8,
        '2023-08-02 20:37:42',
        '2023-08-02 20:37:42'
    ), (
        158,
        'San Fernando',
        8,
        '2023-08-02 20:37:42',
        '2023-08-02 20:37:42'
    ), (
        159,
        'Chépica',
        8,
        '2023-08-02 20:37:42',
        '2023-08-02 20:37:42'
    ), (
        160,
        'Chimbarongo',
        8,
        '2023-08-02 20:37:42',
        '2023-08-02 20:37:42'
    ), (
        161,
        'Lolol',
        8,
        '2023-08-02 20:37:42',
        '2023-08-02 20:37:42'
    ), (
        162,
        'Nancagua',
        8,
        '2023-08-02 20:37:42',
        '2023-08-02 20:37:42'
    ), (
        163,
        'Palmilla',
        8,
        '2023-08-02 20:37:42',
        '2023-08-02 20:37:42'
    ), (
        164,
        'Peralillo',
        8,
        '2023-08-02 20:37:42',
        '2023-08-02 20:37:42'
    ), (
        165,
        'Placilla',
        8,
        '2023-08-02 20:37:42',
        '2023-08-02 20:37:42'
    ), (
        166,
        'Pumanque',
        8,
        '2023-08-02 20:37:42',
        '2023-08-02 20:37:42'
    ), (
        167,
        'Santa Cruz',
        8,
        '2023-08-02 20:37:42',
        '2023-08-02 20:37:42'
    ), (
        168,
        'Parral',
        9,
        '2023-08-02 20:37:42',
        '2023-08-02 20:37:42'
    ), (
        169,
        'Linares',
        9,
        '2023-08-02 20:37:42',
        '2023-08-02 20:37:42'
    ), (
        170,
        'Colbún',
        9,
        '2023-08-02 20:37:42',
        '2023-08-02 20:37:42'
    ), (
        171,
        'Longaví',
        9,
        '2023-08-02 20:37:42',
        '2023-08-02 20:37:42'
    ), (
        172,
        'Retiro',
        9,
        '2023-08-02 20:37:42',
        '2023-08-02 20:37:42'
    ), (
        173,
        'San Javier',
        9,
        '2023-08-02 20:37:42',
        '2023-08-02 20:37:42'
    ), (
        174,
        'Villa Alegre',
        9,
        '2023-08-02 20:37:42',
        '2023-08-02 20:37:42'
    ), (
        175,
        'Yerbas Buenas',
        9,
        '2023-08-02 20:37:42',
        '2023-08-02 20:37:42'
    ), (
        176,
        'Curicó',
        9,
        '2023-08-02 20:37:42',
        '2023-08-02 20:37:42'
    ), (
        177,
        'Hualañe',
        9,
        '2023-08-02 20:37:42',
        '2023-08-02 20:37:42'
    ), (
        178,
        'Licantén',
        9,
        '2023-08-02 20:37:42',
        '2023-08-02 20:37:42'
    ), (
        179,
        'Molina',
        9,
        '2023-08-02 20:37:42',
        '2023-08-02 20:37:42'
    ), (
        180,
        'Rauco',
        9,
        '2023-08-02 20:37:42',
        '2023-08-02 20:37:42'
    ), (
        181,
        'Romeral',
        9,
        '2023-08-02 20:37:42',
        '2023-08-02 20:37:42'
    ), (
        182,
        'Sagrada Familia',
        9,
        '2023-08-02 20:37:42',
        '2023-08-02 20:37:42'
    ), (
        183,
        'Teno',
        9,
        '2023-08-02 20:37:42',
        '2023-08-02 20:37:42'
    ), (
        184,
        'Vichuquén',
        9,
        '2023-08-02 20:37:42',
        '2023-08-02 20:37:42'
    ), (
        185,
        'Cauquenes',
        9,
        '2023-08-02 20:37:42',
        '2023-08-02 20:37:42'
    ), (
        186,
        'Chanco',
        9,
        '2023-08-02 20:37:42',
        '2023-08-02 20:37:42'
    ), (
        187,
        'Pelluhue',
        9,
        '2023-08-02 20:37:42',
        '2023-08-02 20:37:42'
    ), (
        188,
        'Talca',
        9,
        '2023-08-02 20:37:42',
        '2023-08-02 20:37:42'
    ), (
        189,
        'Constitución',
        9,
        '2023-08-02 20:37:42',
        '2023-08-02 20:37:42'
    ), (
        190,
        'Curepto',
        9,
        '2023-08-02 20:37:42',
        '2023-08-02 20:37:42'
    ), (
        191,
        'Empedrado',
        9,
        '2023-08-02 20:37:42',
        '2023-08-02 20:37:42'
    ), (
        192,
        'Maule',
        9,
        '2023-08-02 20:37:42',
        '2023-08-02 20:37:42'
    ), (
        193,
        'Pelarco',
        9,
        '2023-08-02 20:37:42',
        '2023-08-02 20:37:42'
    ), (
        194,
        'Pencahue',
        9,
        '2023-08-02 20:37:42',
        '2023-08-02 20:37:42'
    ), (
        195,
        'Rio Claro',
        9,
        '2023-08-02 20:37:42',
        '2023-08-02 20:37:42'
    ), (
        196,
        'San Clemente',
        9,
        '2023-08-02 20:37:42',
        '2023-08-02 20:37:42'
    ), (
        197,
        'San Rafael',
        9,
        '2023-08-02 20:37:42',
        '2023-08-02 20:37:42'
    ), (
        198,
        'Quirihue',
        10,
        '2023-08-02 20:37:42',
        '2023-08-02 20:37:42'
    ), (
        199,
        'Cobquecura',
        10,
        '2023-08-02 20:37:42',
        '2023-08-02 20:37:42'
    ), (
        200,
        'Coelemu',
        10,
        '2023-08-02 20:37:42',
        '2023-08-02 20:37:42'
    ), (
        201,
        'Ninhue',
        10,
        '2023-08-02 20:37:42',
        '2023-08-02 20:37:42'
    ), (
        202,
        'Portezuelo',
        10,
        '2023-08-02 20:37:42',
        '2023-08-02 20:37:42'
    ), (
        203,
        'Ránquil',
        10,
        '2023-08-02 20:37:42',
        '2023-08-02 20:37:42'
    ), (
        204,
        'Treguaco',
        10,
        '2023-08-02 20:37:42',
        '2023-08-02 20:37:42'
    ), (
        205,
        'San Carlos',
        10,
        '2023-08-02 20:37:42',
        '2023-08-02 20:37:42'
    ), (
        206,
        'Coihueco',
        10,
        '2023-08-02 20:37:42',
        '2023-08-02 20:37:42'
    ), (
        207,
        'Ñiquén',
        10,
        '2023-08-02 20:37:42',
        '2023-08-02 20:37:42'
    ), (
        208,
        'San Fabián',
        10,
        '2023-08-02 20:37:42',
        '2023-08-02 20:37:42'
    ), (
        209,
        'San Nicolás',
        10,
        '2023-08-02 20:37:42',
        '2023-08-02 20:37:42'
    ), (
        210,
        'Chillán',
        10,
        '2023-08-02 20:37:42',
        '2023-08-02 20:37:42'
    ), (
        211,
        'Bulnes',
        10,
        '2023-08-02 20:37:42',
        '2023-08-02 20:37:42'
    ), (
        212,
        'Chillán Viejo',
        10,
        '2023-08-02 20:37:42',
        '2023-08-02 20:37:42'
    ), (
        213,
        'El Carmen',
        10,
        '2023-08-02 20:37:42',
        '2023-08-02 20:37:42'
    ), (
        214,
        'Pemuco',
        10,
        '2023-08-02 20:37:42',
        '2023-08-02 20:37:42'
    ), (
        215,
        'Pinto',
        10,
        '2023-08-02 20:37:42',
        '2023-08-02 20:37:42'
    ), (
        216,
        'Quillán',
        10,
        '2023-08-02 20:37:42',
        '2023-08-02 20:37:42'
    ), (
        217,
        'San Ignacio',
        10,
        '2023-08-02 20:37:42',
        '2023-08-02 20:37:42'
    ), (
        218,
        'Yungay',
        10,
        '2023-08-02 20:37:42',
        '2023-08-02 20:37:42'
    ), (
        219,
        'Concepción',
        11,
        '2023-08-02 20:37:42',
        '2023-08-02 20:37:42'
    ), (
        220,
        'Coronel',
        11,
        '2023-08-02 20:37:42',
        '2023-08-02 20:37:42'
    ), (
        221,
        'Chiguayante',
        11,
        '2023-08-02 20:37:42',
        '2023-08-02 20:37:42'
    ), (
        222,
        'Florida',
        11,
        '2023-08-02 20:37:42',
        '2023-08-02 20:37:42'
    ), (
        223,
        'Hualqui',
        11,
        '2023-08-02 20:37:42',
        '2023-08-02 20:37:42'
    ), (
        224,
        'Lota',
        11,
        '2023-08-02 20:37:42',
        '2023-08-02 20:37:42'
    ), (
        225,
        'Penco',
        11,
        '2023-08-02 20:37:42',
        '2023-08-02 20:37:42'
    ), (
        226,
        'San Pedro de la Paz',
        11,
        '2023-08-02 20:37:42',
        '2023-08-02 20:37:42'
    ), (
        227,
        'Santa Juana',
        11,
        '2023-08-02 20:37:42',
        '2023-08-02 20:37:42'
    ), (
        228,
        'Talcahuano',
        11,
        '2023-08-02 20:37:42',
        '2023-08-02 20:37:42'
    ), (
        229,
        'Tomé',
        11,
        '2023-08-02 20:37:42',
        '2023-08-02 20:37:42'
    ), (
        230,
        'Hualpén',
        11,
        '2023-08-02 20:37:42',
        '2023-08-02 20:37:42'
    ), (
        231,
        'Lebu',
        11,
        '2023-08-02 20:37:42',
        '2023-08-02 20:37:42'
    ), (
        232,
        'Arauco',
        11,
        '2023-08-02 20:37:42',
        '2023-08-02 20:37:42'
    ), (
        233,
        'Cañete',
        11,
        '2023-08-02 20:37:42',
        '2023-08-02 20:37:42'
    ), (
        234,
        'Contulmo',
        11,
        '2023-08-02 20:37:42',
        '2023-08-02 20:37:42'
    ), (
        235,
        'Curanilahue',
        11,
        '2023-08-02 20:37:42',
        '2023-08-02 20:37:42'
    ), (
        236,
        'Los Alamos',
        11,
        '2023-08-02 20:37:42',
        '2023-08-02 20:37:42'
    ), (
        237,
        'Tirúa',
        11,
        '2023-08-02 20:37:42',
        '2023-08-02 20:37:42'
    ), (
        238,
        'Los Angeles',
        11,
        '2023-08-02 20:37:42',
        '2023-08-02 20:37:42'
    ), (
        239,
        'Antuco',
        11,
        '2023-08-02 20:37:42',
        '2023-08-02 20:37:42'
    ), (
        240,
        'Laja',
        11,
        '2023-08-02 20:37:42',
        '2023-08-02 20:37:42'
    ), (
        241,
        'Mulchén',
        11,
        '2023-08-02 20:37:42',
        '2023-08-02 20:37:42'
    ), (
        242,
        'Nacimiento',
        11,
        '2023-08-02 20:37:42',
        '2023-08-02 20:37:42'
    ), (
        243,
        'Negrete',
        11,
        '2023-08-02 20:37:42',
        '2023-08-02 20:37:42'
    ), (
        244,
        'Quilaco',
        11,
        '2023-08-02 20:37:42',
        '2023-08-02 20:37:42'
    ), (
        245,
        'Quilleco',
        11,
        '2023-08-02 20:37:42',
        '2023-08-02 20:37:42'
    ), (
        246,
        'San Rosendo',
        11,
        '2023-08-02 20:37:42',
        '2023-08-02 20:37:42'
    ), (
        247,
        'Santa Bárbara',
        11,
        '2023-08-02 20:37:42',
        '2023-08-02 20:37:42'
    ), (
        248,
        'Tucapel',
        11,
        '2023-08-02 20:37:42',
        '2023-08-02 20:37:42'
    ), (
        249,
        'Alto Biobí­o',
        11,
        '2023-08-02 20:37:42',
        '2023-08-02 20:37:42'
    ), (
        250,
        'Cabrero',
        11,
        '2023-08-02 20:37:42',
        '2023-08-02 20:37:42'
    ), (
        251,
        'Yumbel',
        11,
        '2023-08-02 20:37:42',
        '2023-08-02 20:37:42'
    ), (
        252,
        'Angol',
        12,
        '2023-08-02 20:37:42',
        '2023-08-02 20:37:42'
    ), (
        253,
        'Collipulli',
        12,
        '2023-08-02 20:37:42',
        '2023-08-02 20:37:42'
    ), (
        254,
        'Curacautí­n',
        12,
        '2023-08-02 20:37:42',
        '2023-08-02 20:37:42'
    ), (
        255,
        'Ercilla',
        12,
        '2023-08-02 20:37:42',
        '2023-08-02 20:37:42'
    ), (
        256,
        'Lonquimay',
        12,
        '2023-08-02 20:37:42',
        '2023-08-02 20:37:42'
    ), (
        257,
        'Los Sauces',
        12,
        '2023-08-02 20:37:42',
        '2023-08-02 20:37:42'
    ), (
        258,
        'Lumaco',
        12,
        '2023-08-02 20:37:42',
        '2023-08-02 20:37:42'
    ), (
        259,
        'Purén',
        12,
        '2023-08-02 20:37:42',
        '2023-08-02 20:37:42'
    ), (
        260,
        'Renaico',
        12,
        '2023-08-02 20:37:42',
        '2023-08-02 20:37:42'
    ), (
        261,
        'Traiguén',
        12,
        '2023-08-02 20:37:42',
        '2023-08-02 20:37:42'
    ), (
        262,
        'Victoria',
        12,
        '2023-08-02 20:37:42',
        '2023-08-02 20:37:42'
    ), (
        263,
        'Gorbea',
        12,
        '2023-08-02 20:37:42',
        '2023-08-02 20:37:42'
    ), (
        264,
        'Lautaro',
        12,
        '2023-08-02 20:37:42',
        '2023-08-02 20:37:42'
    ), (
        265,
        'Loncoche',
        12,
        '2023-08-02 20:37:42',
        '2023-08-02 20:37:42'
    ), (
        266,
        'Melipeuco',
        12,
        '2023-08-02 20:37:42',
        '2023-08-02 20:37:42'
    ), (
        267,
        'Nueva Imperial',
        12,
        '2023-08-02 20:37:42',
        '2023-08-02 20:37:42'
    ), (
        268,
        'Padre Las Casas',
        12,
        '2023-08-02 20:37:42',
        '2023-08-02 20:37:42'
    ), (
        269,
        'Perquenco',
        12,
        '2023-08-02 20:37:42',
        '2023-08-02 20:37:42'
    ), (
        270,
        'Pitrufquén',
        12,
        '2023-08-02 20:37:42',
        '2023-08-02 20:37:42'
    ), (
        271,
        'Pucún',
        12,
        '2023-08-02 20:37:42',
        '2023-08-02 20:37:42'
    ), (
        272,
        'Saavedra',
        12,
        '2023-08-02 20:37:42',
        '2023-08-02 20:37:42'
    ), (
        273,
        'Teodoro Schmidt',
        12,
        '2023-08-02 20:37:42',
        '2023-08-02 20:37:42'
    ), (
        274,
        'Toltén',
        12,
        '2023-08-02 20:37:42',
        '2023-08-02 20:37:42'
    ), (
        275,
        'Vilcún',
        12,
        '2023-08-02 20:37:42',
        '2023-08-02 20:37:42'
    ), (
        276,
        'Villarrica',
        12,
        '2023-08-02 20:37:42',
        '2023-08-02 20:37:42'
    ), (
        277,
        'Cholchol',
        12,
        '2023-08-02 20:37:42',
        '2023-08-02 20:37:42'
    ), (
        278,
        'Temuco',
        12,
        '2023-08-02 20:37:42',
        '2023-08-02 20:37:42'
    ), (
        279,
        'Carahue',
        12,
        '2023-08-02 20:37:42',
        '2023-08-02 20:37:42'
    ), (
        280,
        'Cunco',
        12,
        '2023-08-02 20:37:42',
        '2023-08-02 20:37:42'
    ), (
        281,
        'Curarrehue',
        12,
        '2023-08-02 20:37:42',
        '2023-08-02 20:37:42'
    ), (
        282,
        'Freire',
        12,
        '2023-08-02 20:37:42',
        '2023-08-02 20:37:42'
    ), (
        283,
        'Galvarino',
        12,
        '2023-08-02 20:37:42',
        '2023-08-02 20:37:42'
    ), (
        284,
        'Valdivia',
        13,
        '2023-08-02 20:37:42',
        '2023-08-02 20:37:42'
    ), (
        285,
        'Corral',
        13,
        '2023-08-02 20:37:42',
        '2023-08-02 20:37:42'
    ), (
        286,
        'Lanco',
        13,
        '2023-08-02 20:37:42',
        '2023-08-02 20:37:42'
    ), (
        287,
        'Los Lagos',
        13,
        '2023-08-02 20:37:42',
        '2023-08-02 20:37:42'
    ), (
        288,
        'Máfil',
        13,
        '2023-08-02 20:37:42',
        '2023-08-02 20:37:42'
    ), (
        289,
        'Mariquina',
        13,
        '2023-08-02 20:37:42',
        '2023-08-02 20:37:42'
    ), (
        290,
        'Paillaco',
        13,
        '2023-08-02 20:37:42',
        '2023-08-02 20:37:42'
    ), (
        291,
        'Panguipulli',
        13,
        '2023-08-02 20:37:42',
        '2023-08-02 20:37:42'
    ), (
        292,
        'La Unión',
        13,
        '2023-08-02 20:37:42',
        '2023-08-02 20:37:42'
    ), (
        293,
        'Futrono',
        13,
        '2023-08-02 20:37:42',
        '2023-08-02 20:37:42'
    ), (
        294,
        'Lago Ranco',
        13,
        '2023-08-02 20:37:42',
        '2023-08-02 20:37:42'
    ), (
        295,
        'Rio Bueno',
        13,
        '2023-08-02 20:37:42',
        '2023-08-02 20:37:42'
    ), (
        296,
        'Quinchao',
        14,
        '2023-08-02 20:37:42',
        '2023-08-02 20:37:42'
    ), (
        297,
        'Castro',
        14,
        '2023-08-02 20:37:42',
        '2023-08-02 20:37:42'
    ), (
        298,
        'Ancud',
        14,
        '2023-08-02 20:37:42',
        '2023-08-02 20:37:42'
    ), (
        299,
        'Chonchi',
        14,
        '2023-08-02 20:37:42',
        '2023-08-02 20:37:42'
    ), (
        300,
        'Curaco de Vélez',
        14,
        '2023-08-02 20:37:42',
        '2023-08-02 20:37:42'
    ), (
        301,
        'Dancahue',
        14,
        '2023-08-02 20:37:42',
        '2023-08-02 20:37:42'
    ), (
        302,
        'Puqueldón',
        14,
        '2023-08-02 20:37:42',
        '2023-08-02 20:37:42'
    ), (
        303,
        'Queilén',
        14,
        '2023-08-02 20:37:42',
        '2023-08-02 20:37:42'
    ), (
        304,
        'Quellón',
        14,
        '2023-08-02 20:37:42',
        '2023-08-02 20:37:42'
    ), (
        305,
        'Quemchi',
        14,
        '2023-08-02 20:37:42',
        '2023-08-02 20:37:42'
    ), (
        306,
        'Rí­o Negro',
        14,
        '2023-08-02 20:37:42',
        '2023-08-02 20:37:42'
    ), (
        307,
        'Osorno',
        14,
        '2023-08-02 20:37:42',
        '2023-08-02 20:37:42'
    ), (
        308,
        'Puerto Octay',
        14,
        '2023-08-02 20:37:42',
        '2023-08-02 20:37:42'
    ), (
        309,
        'Purranque',
        14,
        '2023-08-02 20:37:42',
        '2023-08-02 20:37:42'
    ), (
        310,
        'Puyehue',
        14,
        '2023-08-02 20:37:42',
        '2023-08-02 20:37:42'
    ), (
        311,
        'San Juan de la Costa',
        14,
        '2023-08-02 20:37:42',
        '2023-08-02 20:37:42'
    ), (
        312,
        'San Pablo',
        14,
        '2023-08-02 20:37:42',
        '2023-08-02 20:37:42'
    ), (
        313,
        'Puerto Montt',
        14,
        '2023-08-02 20:37:42',
        '2023-08-02 20:37:42'
    ), (
        314,
        'Calbuco',
        14,
        '2023-08-02 20:37:42',
        '2023-08-02 20:37:42'
    ), (
        315,
        'Cochamó',
        14,
        '2023-08-02 20:37:42',
        '2023-08-02 20:37:42'
    ), (
        316,
        'Fresia',
        14,
        '2023-08-02 20:37:42',
        '2023-08-02 20:37:42'
    ), (
        317,
        'Frutillar',
        14,
        '2023-08-02 20:37:42',
        '2023-08-02 20:37:42'
    ), (
        318,
        'Los Muermos',
        14,
        '2023-08-02 20:37:42',
        '2023-08-02 20:37:42'
    ), (
        319,
        'Llanquihue',
        14,
        '2023-08-02 20:37:42',
        '2023-08-02 20:37:42'
    ), (
        320,
        'Maullí­n',
        14,
        '2023-08-02 20:37:42',
        '2023-08-02 20:37:42'
    ), (
        321,
        'Puerto Varas',
        14,
        '2023-08-02 20:37:42',
        '2023-08-02 20:37:42'
    ), (
        322,
        'Chaitén',
        14,
        '2023-08-02 20:37:42',
        '2023-08-02 20:37:42'
    ), (
        323,
        'Futaleufú',
        14,
        '2023-08-02 20:37:42',
        '2023-08-02 20:37:42'
    ), (
        324,
        'Hualaihué',
        14,
        '2023-08-02 20:37:42',
        '2023-08-02 20:37:42'
    ), (
        325,
        'Palena',
        14,
        '2023-08-02 20:37:42',
        '2023-08-02 20:37:42'
    ), (
        326,
        'Aysén',
        15,
        '2023-08-02 20:37:42',
        '2023-08-02 20:37:42'
    ), (
        327,
        'Cisnes',
        15,
        '2023-08-02 20:37:42',
        '2023-08-02 20:37:42'
    ), (
        328,
        'Guaitecas',
        15,
        '2023-08-02 20:37:42',
        '2023-08-02 20:37:42'
    ), (
        329,
        'Lago Verde',
        15,
        '2023-08-02 20:37:42',
        '2023-08-02 20:37:42'
    ), (
        330,
        'Coyhaique',
        15,
        '2023-08-02 20:37:42',
        '2023-08-02 20:37:42'
    ), (
        331,
        'Cochrane',
        15,
        '2023-08-02 20:37:42',
        '2023-08-02 20:37:42'
    ), (
        332,
        'Tortel',
        15,
        '2023-08-02 20:37:42',
        '2023-08-02 20:37:42'
    ), (
        333,
        'Chile Chico',
        15,
        '2023-08-02 20:37:42',
        '2023-08-02 20:37:42'
    ), (
        334,
        'Rí­o Ibáñez',
        15,
        '2023-08-02 20:37:42',
        '2023-08-02 20:37:42'
    ), (
        335,
        'Porvenir',
        16,
        '2023-08-02 20:37:42',
        '2023-08-02 20:37:42'
    ), (
        336,
        'Primavera',
        16,
        '2023-08-02 20:37:42',
        '2023-08-02 20:37:42'
    ), (
        337,
        'Timaukel',
        16,
        '2023-08-02 20:37:42',
        '2023-08-02 20:37:42'
    ), (
        338,
        'Punta Arenas',
        16,
        '2023-08-02 20:37:42',
        '2023-08-02 20:37:42'
    ), (
        339,
        'Laguna Blanca',
        16,
        '2023-08-02 20:37:42',
        '2023-08-02 20:37:42'
    ), (
        340,
        'Río Verde',
        16,
        '2023-08-02 20:37:42',
        '2023-08-02 20:37:42'
    ), (
        341,
        'San Gregorio',
        16,
        '2023-08-02 20:37:42',
        '2023-08-02 20:37:42'
    ), (
        342,
        'Natales',
        16,
        '2023-08-02 20:37:42',
        '2023-08-02 20:37:42'
    ), (
        343,
        'Torres del Paine',
        16,
        '2023-08-02 20:37:42',
        '2023-08-02 20:37:42'
    ), (
        344,
        'Cabo de Hornos',
        16,
        '2023-08-02 20:37:42',
        '2023-08-02 20:37:42'
    ), (
        345,
        'Antártica',
        16,
        '2023-08-02 20:37:42',
        '2023-08-02 20:37:42'
    );


DROP TABLE IF EXISTS `regions`;

CREATE TABLE
    `regions` (
        `id_region` int NOT NULL AUTO_INCREMENT,
        `name_region` varchar(255) CHARACTER SET utf8mb4 COLLATE utf8mb4_unicode_ci NOT NULL,
        `creation_date` timestamp NOT NULL DEFAULT CURRENT_TIMESTAMP,
        `last_update` timestamp NOT NULL DEFAULT CURRENT_TIMESTAMP ON UPDATE CURRENT_TIMESTAMP,
        PRIMARY KEY (`id_region`)
    ) ENGINE = InnoDB AUTO_INCREMENT = 17 DEFAULT CHARSET = utf8mb4 COLLATE = utf8mb4_unicode_ci;

INSERT INTO `regions`
VALUES (
        1,
        'Arica y Parinacota',
        '2023-08-02 20:05:54',
        '2023-08-02 20:05:54'
    ), (
        2,
        'Tarapacá',
        '2023-08-02 20:05:54',
        '2023-08-02 20:05:54'
    ), (
        3,
        'Antofagasta',
        '2023-08-02 20:05:54',
        '2023-08-02 20:05:54'
    ), (
        4,
        'Atacama',
        '2023-08-02 20:05:54',
        '2023-08-02 20:05:54'
    ), (
        5,
        'Coquimbo',
        '2023-08-02 20:05:54',
        '2023-08-02 20:05:54'
    ), (
        6,
        'Valparaíso',
        '2023-08-02 20:05:54',
        '2023-08-02 20:05:54'
    ), (
        7,
        'Metropolitana',
        '2023-08-02 20:05:54',
        '2023-08-02 20:05:54'
    ), (
        8,
        'O´Higgins',
        '2023-08-02 20:05:54',
        '2023-08-02 20:05:54'
    ), (
        9,
        'Maule',
        '2023-08-02 20:05:54',
        '2023-08-02 20:05:54'
    ), (
        10,
        'Ñuble',
        '2023-08-02 20:05:54',
        '2023-08-02 20:05:54'
    ), (
        11,
        'Bío Bío',
        '2023-08-02 20:05:54',
        '2023-08-02 20:05:54'
    ), (
        12,
        'Araucanía',
        '2023-08-02 20:05:54',
        '2023-08-02 20:05:54'
    ), (
        13,
        'Los Ríos',
        '2023-08-02 20:05:54',
        '2023-08-02 20:05:54'
    ), (
        14,
        'Los Lagos',
        '2023-08-02 20:05:54',
        '2023-08-02 20:05:54'
    ), (
        15,
        'Aysén',
        '2023-08-02 20:05:54',
        '2023-08-02 20:05:54'
    ), (
        16,
        'Magallanes y Antártica Chilena',
        '2023-08-02 20:05:54',
        '2023-08-02 20:38:48'
    );

DROP TABLE IF EXISTS `voting`;

CREATE TABLE
    `voting` (
        `id` int NOT NULL AUTO_INCREMENT,
        `full_name` varchar(255) DEFAULT NULL,
        `alias` varchar(45) DEFAULT NULL,
        `rut` varchar(15) DEFAULT NULL,
        `email` varchar(100) DEFAULT NULL,
        `id_region` int DEFAULT NULL,
        `id_comunne` varchar(45) DEFAULT NULL,
        `id_cantidate` varchar(45) DEFAULT NULL,
        `found_out_by` varchar(255) DEFAULT NULL,
        `creation_date` timestamp NULL DEFAULT CURRENT_TIMESTAMP,
        `last_update` timestamp NULL DEFAULT NULL ON UPDATE CURRENT_TIMESTAMP,
        PRIMARY KEY (`id`)
    ) ENGINE = InnoDB DEFAULT CHARSET = utf8mb4 COLLATE = utf8mb4_0900_ai_ci;
